No,name,LCD,VF,Density,PLD,Va,ASA,,,,,,
1,(1-22)n COF with AA stacking,6.0027,0.47725,0.97003,5.74816,0.492,837.66699,,,,,,
2,12C4-COF with AA stacking,19.719,0.76503,0.4577,19.51272,1.67146,2413.69995,,,,,,
3,15C5-COF with AA stacking,16.86472,0.74762,0.48611,16.31454,1.53796,2502.93994,,,,,,
4,18C6-COF with AA stacking,13.63704,0.70369,0.56827,13.20257,1.23831,2262.16992,,,,,,
5,2D-BPTA-COF,8.24978,0.55906,0.82722,7.29541,0.67583,1463.32996,,,,,,
6,2D-NiPc-BTDA-COF,12.33636,0.61788,0.97119,11.95867,0.63621,1192.13,,,,,,
7,3D-BMTA-COF,9.9715,0.54992,0.83347,9.76591,0.65979,1374.06995,,,,,,
8,3D-COOH-COF,4.79245,0.51701,0.92889,3.04393,0.55659,0,,,,,,
9,3D-CuPor-COF,16.46047,0.83921,0.33156,13.64478,2.53107,5816.83984,,,,,,
10,3D-HNU5  two-interpenetrated ,11.50422,0.83789,0.30788,7.64416,2.72148,7795.7002,,,,,,
11,3D-HNU5  three-interpenetrated,6.32614,0.75824,0.46182,5.7532,1.64185,7445.02002,,,,,,
12,3D-HNU5  four-interpenetrated,7.67734,0.67864,0.61576,4.72002,1.10212,2326.67993,,,,,,
13,3D-HNU5   five-interpenetrated,5.87881,0.59478,0.7697,5.64925,0.77274,1367.06006,,,,,,
14,3D-HNU5  non-interpenetrated ,14.32155,0.87184,0.317,12.10114,2.75031,5205.54004,,,,,,
15,3D-IL-COF-1,7.53693,0.71748,0.50351,6.98122,1.42495,3176.15991,,,,,,
16,3D-IL-COF-2,7.85886,0.57458,0.72294,7.73396,0.79478,1465.04004,,,,,,
17,3D-IL-COF-3,10.00281,0.61103,0.66521,9.94781,0.91855,1770.72998,,,,,,
18,3D-OH-COF,7.06143,0.60387,0.76611,6.35265,0.78823,1937.55005,,,,,,
19,3D-Por-COF,16.30857,0.83932,0.31175,13.66038,2.69229,6104.91992,,,,,,
20,3D-Py-COF,13.46817,0.8534,0.27981,12.29168,3.04997,7309.81006,,,,,,
21,3D-TPE-COF,5.96864,0.4734,0.95464,4.40763,0.49589,439.423,,,,,,
22,4PE-1P-oxi,25.03222,0.77,0.45447,24.50311,1.69428,2721.07007,,,,,,
23,4PE-1P-COF,25.26264,0.78652,0.3905,24.67919,2.01414,3221.18994,,,,,,
24,4PE-1P,24.32238,0.73042,0.52243,23.92011,1.39812,2344.42993,,,,,,
25,4PE-2P,32.33411,0.77238,0.43841,32.02223,1.76178,2458.26001,,,,,,
26,4PE-3P,39.2125,0.81206,0.35559,38.93275,2.28367,2801.78003,,,,,,
27,4PE-TT,27.58431,0.75056,0.52721,27.22939,1.42365,2234.05005,,,,,,
28,A2B2-Por-COF,18.53359,0.70656,0.56986,18.07182,1.23989,1962.89001,,,,,,
29,AB-COF,10.44935,0.6252,0.74957,9.97186,0.83408,1846.77002,,,,,,
30,ACOF-1,9.76614,0.59067,0.83457,9.29842,0.70776,1564.19995,,,,,,
31,AEM-COF-1,29.29451,0.76208,0.48003,29.11056,1.58758,1901.73999,,,,,,
32,AEM-COF-2,32.25806,0.71935,0.58829,32.1037,1.22277,1315.5,,,,,,
33,TAPT-DHTA-COF-AA,29.86297,0.78502,0.43188,29.68302,1.81767,2073.33008,,,,,,
34,TAPT-DHTA-COF-AB,12.33825,0.75037,0.50069,12.07344,1.49867,3341.40991,,,,,,
35,ATFG-COF,10.5607,0.57709,0.94202,10.15971,0.61261,1313.73999,,,,,,
36,AzO-COF,31.93576,0.82388,0.37058,31.68053,2.22322,2453.84009,,,,,,
37,B-COF-1 with AA stacking,21.27537,0.69204,0.59472,21.08432,1.16364,2041.90002,,,,,,
38,B-COF-2 with AA stacking,21.84179,0.71778,0.57345,21.54252,1.25168,2050.73999,,,,,,
39,BBO-COF-1,13.02066,0.61757,0.89648,12.63556,0.68888,1459.51001,,,,,,
40,BBO-COF-2,28.86514,0.77062,0.47582,28.67844,1.61956,1962.54004,,,,,,
41,AA-stacking mode of BBO-COF,11.54437,0.55798,0.94256,11.36215,0.59199,1136.53003,,,,,,
42,BCCTP-COF,16.89202,0.66147,0.63645,16.56776,1.03931,1721.70996,,,,,,
43,BCTB-BCTA COF,15.79013,0.6834,0.61827,15.58649,1.10535,1935.71997,,,,,,
44,BCTB-PD COF,22.82201,0.75315,0.47807,22.49727,1.57539,2291.43994,,,,,,
45,BCzP-COF,14.11638,0.66391,0.65834,13.84176,1.00846,1841.73999,,,,,,
46,BDT-COF,30.08247,0.77404,0.50232,29.88767,1.54094,1755.21997,,,,,,
47,BDT-COF,31.68082,0.77273,0.48626,31.38514,1.58914,2288.70996,,,,,,
48,BDT-OEt-COF,23.68646,0.72526,0.60151,23.42764,1.20573,1787.83997,,,,,,
49,BF-COF-1,8.39472,0.77203,0.43771,7.49194,1.76379,5218.75977,,,,,,
50,BF-COF-2,8.49886,0.74859,0.52162,7.37376,1.43511,4329.56006,,,,,,
51,BITA-PDA COF with AA packing,31.50292,0.73273,0.51143,31.32681,1.43272,2066.5,,,,,,
52,BITA-PDA COF with AB packing,10.16494,0.71726,0.54293,9.73082,1.32109,3541.15991,,,,,,
53,BLP-2(H),9.50439,0.5048,0.9033,8.981,0.55884,1114.73999,,,,,,
54,BND-TFP COF,22.7768,0.71551,0.57678,22.59331,1.24053,1778.12,,,,,,
55,brick-wall-COF,16.0767,0.7228,0.5362,15.93388,1.34802,2786.3999,,,,,,
56,BTA-COF1,16.17243,0.62858,0.78055,15.87921,0.80531,1430.90002,,,,,,
57,BTA-COF2,35.39294,0.79225,0.42181,35.25057,1.8782,1904.45996,,,,,,
58,BTA-COF3,32.90312,0.78026,0.44405,32.73608,1.75714,1914.83997,,,,,,
59,BTA-COF4 AA_I,9.02476,0.48904,1.04209,8.53535,0.46929,937.27802,,,,,,
60,BTA-COF4 AA_II,9.02697,0.48427,1.0455,8.54052,0.4632,917.12201,,,,,,
61,BTMA-TAPA-COF,11.33369,0.57216,0.79084,10.69113,0.72349,1461.26001,,,,,,
62,BTP-COF,34.61577,0.79281,0.42038,34.44702,1.88595,1927.94995,,,,,,
63,BTT-DAB-COF,22.52993,0.73517,0.58991,22.28222,1.24624,1822.82996,,,,,,
64,BTT-DADP-COF,29.53267,0.77599,0.47864,29.34631,1.62124,1935.90002,,,,,,
65,BTT-TAB-COF,14.87005,0.64616,0.75347,14.50589,0.85758,1511.42004,,,,,,
66,BTT-TAPT-COF,15.74056,0.67012,0.70318,15.39744,0.95299,1649.58997,,,,,,
67,BZL-COF,34.97957,0.79182,0.42802,34.82462,1.84997,1871.72998,,,,,,
68,C4-SHz-COF,16.06665,0.71635,0.57845,15.76522,1.23841,2174.21997,,,,,,
69,Car-ETTA COF,8.45883,0.56871,0.84156,7.84341,0.67578,1408.23999,,,,,,
70,CC-TAPH-COF,9.34648,0.74865,0.48814,7.16546,1.53366,4355.20996,,,,,,
71,CCOF-1,9.5929,0.72543,0.52665,7.98521,1.37745,3984.08008,,,,,,
72,CCOF-2,22.89609,0.93775,0.1161,18.49772,8.0768,8557.29004,,,,,,
73,CCOF 3,14.6168,0.65546,0.75629,14.25063,0.86668,1663.98999,,,,,,
74,CCOF 4,12.13117,0.50718,1.00778,11.68134,0.50327,851.37299,,,,,,
75,CCOF 5,5.60554,0.5691,0.83157,5.02763,0.68437,1138.80005,,,,,,
76,CCOF 6,5.65179,0.5521,0.88986,5.05582,0.62043,621.33502,,,,,,
77,CCOF-CuTPP (1) with P1 mode,17.77181,0.87886,0.24668,14.42151,3.56271,6630.52002,,,,,,
78,CCOF-MPC,5.44216,0.53749,0.86664,1.78729,0.6202,0,,,,,,
79,CCOF-TpBD-Me2,21.90241,0.69497,0.60059,21.6511,1.15715,1671.43005,,,,,,
80,CCOF-TpBD,23.68264,0.73418,0.53429,23.44472,1.37413,1937.41003,,,,,,
81,CCOF-TpPa-1,14.80414,0.65526,0.71928,14.56137,0.91099,1609.76001,,,,,,
82,CCOF-TpTab,11.39779,0.58702,0.83109,10.9469,0.70632,1402.31995,,,,,,
83,CF3-TFP-TAPB,19.35841,0.75318,0.52209,18.84768,1.44263,2235.11011,,,,,,
84,CF3-TFP-TTA,19.00793,0.72625,0.58868,18.58985,1.2337,1896.52002,,,,,,
85,C2N-h2D,3.56042,0.28328,1.78335,2.57161,0.15885,0,,,,,,
86,TpTG-Br,3.23288,0.34787,1.74887,2.57751,0.19891,0,,,,,,
87,TpTG-Cl,3.36969,0.35645,1.52098,2.75123,0.23436,0,,,,,,
88,COF-1,4.1917,0.50438,0.90902,3.05301,0.55486,0,,,,,,
89,COF-1,37.7406,0.83613,0.30436,37.54964,2.74717,2652.96997,,,,,,
90,COF-1,34.39746,0.9069,0.176,27.89626,5.153,7757.62012,,,,,,
91,COF-10,31.52025,0.7784,0.44676,31.34048,1.74232,1949.42004,,,,,,
92,COF-102,9.04156,0.7805,0.42055,7.98976,1.85589,5128.68994,,,,,,
93,COF-103,9.68318,0.79716,0.38874,8.50466,2.05064,5315.4502,,,,,,
94,COF-105,18.79873,0.91122,0.17628,16.12301,5.16908,6644.75977,,,,,,
95,COF-108,27.45829,0.91614,0.17048,19.05082,5.37396,6386.62988,,,,,,
96,COF-112,3.59433,0.41128,1.41616,2.03417,0.29042,0,,,,,,
97,COF-119,24.5783,0.73436,0.54301,24.20917,1.35239,2130.01001,,,,,,
98,COF-119,24.81511,0.75942,0.4908,24.5001,1.54731,2467.05005,,,,,,
99,COF-11?,8.38547,0.53722,0.88067,7.65148,0.61001,514.70801,,,,,,
100,COF-120,27.69352,0.78329,0.42998,27.51608,1.82171,2252.38989,,,,,,
101,COF-120,30.71288,0.79404,0.40804,30.65049,1.94597,2236.40991,,,,,,
102,COF-120,29.67223,0.80333,0.39042,29.45895,2.0576,2426.79004,,,,,,
103,COF-121,34.55962,0.82138,0.34938,34.39789,2.35096,2458.88989,,,,,,
104,COF-121,37.61945,0.82077,0.35122,37.59113,2.3369,2310.25,,,,,,
105,COF-121,36.62303,0.83577,0.32155,36.4962,2.59922,2594.13989,,,,,,
106,COF-122,55.49799,0.86184,0.26256,55.44838,3.28246,2374.01001,,,,,,
107,COF-122,60.77867,0.87495,0.23462,60.73781,3.72916,2414.87988,,,,,,
108,COF-14?,10.52235,0.5936,0.79133,9.83864,0.75013,1355.10999,,,,,,
109,COF-16?,12.7305,0.63643,0.73698,12.22862,0.86356,1936.48999,,,,,,
110,COF-18?,14.70936,0.65676,0.73731,14.32871,0.89075,1705.06995,,,,,,
111,COF-2,34.56118,0.90721,0.17591,27.14113,5.15738,7632.5498,,,,,,
112,COF-202,9.86844,0.72369,0.52206,5.40988,1.38622,4239.87012,,,,,,
113,single crstal  COF-300-hydrated,4.26472,0.43218,1.1151,4.09217,0.38757,280.26501,,,,,,
114,single crstal COF-300,8.9758,0.62849,0.73528,8.87996,0.85476,1887.91003,,,,,,
115,dia-c5 COF-300,9.35662,0.72525,0.54532,9.26179,1.32996,3301.47998,,,,,,
116,dia-c7 COF-300,4.51116,0.4606,1.04197,4.33796,0.44205,425.80899,,,,,,
117,COF-316,13.0458,0.55676,1.1398,12.74558,0.48847,1137.10999,,,,,,
118,COF-318,13.04187,0.57778,1.14329,12.78481,0.50537,1019.62,,,,,,
119,COF-320,8.45131,0.62757,0.70169,8.28768,0.89437,1815.68994,,,,,,
120,COF-366-Co,20.75693,0.76342,0.49548,20.3011,1.54077,2260.3999,,,,,,
121,COF-366-F-Co,19.03171,0.74376,0.54801,18.58824,1.3572,2141.53003,,,,,,
122,COF-366-(F)4-Co,18.71554,0.73125,0.6067,18.4425,1.2053,1884.75,,,,,,
123,COF-366-(OMe)2-Co,18.1577,0.72891,0.54907,17.98332,1.32753,2353.77002,,,,,,
124,COF-366,20.45325,0.81311,0.36178,18.69032,2.24753,4020.01001,,,,,,
125,COF-367-Co,19.69774,0.82334,0.42877,18.6518,1.92023,3449.02002,,,,,,
126,COF 3BD,31.00321,0.78767,0.4117,30.82864,1.9132,2242.76001,,,,,,
127,COF 3PD,23.37386,0.74386,0.5069,23.14667,1.46748,2038.02002,,,,,,
128,COF-42,17.18555,0.72878,0.5601,16.8085,1.30116,2647.34009,,,,,,
129,COF-43,32.49748,0.82131,0.34783,32.26851,2.36122,2602.62012,,,,,,
130,COF-5,23.65772,0.7245,0.58397,23.42499,1.24065,1707.31006,,,,,,
131,COF-505,3.73312,0.32296,1.43638,1.96773,0.22484,0,,,,,,
132,COF-506-Cu,12.61055,0.82172,0.35693,10.60686,2.30216,6156.06982,,,,,,
133,COF-6,9.14896,0.52887,0.99606,8.56216,0.53096,1128.28003,,,,,,
134,COF-66,26.99886,0.86251,0.28166,26.65941,3.06221,4453.25,,,,,,
135,COF-8,16.54198,0.64798,0.69805,16.21639,0.92827,1601.43005,,,,,,
136,COF-921,17.6262,0.6782,0.72593,17.28794,0.93426,1616.93994,,,,,,
137,COF-AA-H,25.68704,0.73848,0.50982,25.30476,1.4485,2293.90991,,,,,,
138,COF-AO,18.33931,0.6805,0.60361,18.04318,1.12739,2152.63989,,,,,,
139,COF-ASB,25.45909,0.79385,0.40875,25.21032,1.94212,2609.27002,,,,,,
140,COF-BABD-BZ,12.52501,0.75873,0.46132,10.98125,1.64471,5124.43994,,,,,,
141,COF-BABD-DB,11.59954,0.71232,0.54174,10.12633,1.31488,3856.43994,,,,,,
142,COF-BPDA,32.11213,0.77281,0.43186,31.98616,1.78949,2488.97998,,,,,,
143,COF-BTA-DHBZ,21.39054,0.6229,0.75394,21.24913,0.82619,1387.27002,,,,,,
144,COFBTA-PDA,17.12234,0.70765,0.52156,16.83324,1.3568,2403.04004,,,,,,
145,COF-C,25.33571,0.83065,0.33425,24.86859,2.48513,3463.21997,,,,,,
146,COF-DL229,11.09613,0.67166,0.62184,9.65747,1.08012,2302.54004,,,,,,
147,COF-DL229 2-fold interpenetrated,17.57339,0.91796,0.1562,14.36485,5.87665,8392.83008,,,,,,
148,COF-DL229 3-fold interpenetrated ,10.72378,0.87418,0.23824,10.154,3.66928,8475.03027,,,,,,
149,COF-DL229 5-fold interpenetrated ,11.25124,0.80422,0.37496,11.19865,2.14482,6761.89014,,,,,,
150,COF-DL229 6-fold interpenetrated,10.16733,0.75342,0.46702,9.67446,1.61326,3559.84009,,,,,,
151,COF-DL229 7-fold interpenetrated ,10.21407,0.70165,0.57687,10.08223,1.21631,2580.72998,,,,,,
152,COF-DL229 non-interpenetrated,31.85404,0.95931,0.0787,24.57474,12.189,8534.80957,,,,,,
153,COF-ETTA-ETTCA,14.87351,0.72096,0.51415,14.64627,1.40223,2615.26001,,,,,,
154,COF-F,27.13079,0.75037,0.55711,26.94152,1.3469,1680.04004,,,,,,
155,COF-F6,10.56229,0.57057,1.08544,9.7242,0.52566,796.69299,,,,,,
156,COF-FADA-DAB with AA stacking,24.1474,0.70826,0.55338,23.89316,1.27988,2112.84009,,,,,,
157,COF-HQ,17.17805,0.59693,0.77684,16.82414,0.76841,1692.73999,,,,,,
158,COF-JLU2,10.18081,0.57264,0.94141,9.74184,0.60828,1307.15002,,,,,,
159,COF-JLU3,14.58226,0.70794,0.54001,13.58549,1.31098,2771.12012,,,,,,
160,COF-JLU4,21.55193,0.7095,0.62459,21.34046,1.13595,1678.69995,,,,,,
161,COF-K,9.51559,0.4842,0.99729,9.06842,0.48552,605.03998,,,,,,
162,COF-LZU1,15.98839,0.7068,0.57227,15.60159,1.23508,2212.22998,,,,,,
163,COF-LZU8,9.02368,0.53091,0.92013,8.40883,0.57699,498.04199,,,,,,
164,COF-m-3Ph,11.16226,0.59192,0.7806,10.67786,0.75829,1501.27002,,,,,,
165,COF-Me AA stacking mode,35.70981,0.83528,0.31965,35.49808,2.61311,2543.05005,,,,,,
166,COF-Naph,11.69348,0.61793,0.73453,11.24577,0.84127,1878.98999,,,,,,
167,COF-NHC,17.40166,0.52413,0.89429,17.10247,0.58608,931.42102,,,,,,
168,COF-NUST-1,23.86923,0.85985,0.28938,22.83776,2.97133,6042.70996,,,,,,
169,COF-O,25.75558,0.84708,0.29934,25.24985,2.82979,3938.86011,,,,,,
170,COF-p-2Ph,24.06097,0.72,0.52662,23.81541,1.36721,1836.46997,,,,,,
171,COF-p-3Ph,32.23261,0.77406,0.42026,32.05735,1.84184,1982.25,,,,,,
172,COF-QA AA stacking mode,17.68947,0.814,0.33602,16.88399,2.42246,4052.83008,,,,,,
173,COF-SDU1,38.88757,0.84211,0.31283,38.73254,2.69187,2576.98999,,,,,,
174,COF-Tirf-Benz,37.65768,0.85471,0.28212,37.57103,3.0296,3115.06006,,,,,,
175,COF-TpAab,26.54457,0.7667,0.47378,26.35383,1.61827,2087.62012,,,,,,
176,COF-TpAzo,26.05354,0.77613,0.498,25.82308,1.55848,2080.82007,,,,,,
177,COF-TPDA,38.87484,0.80107,0.37345,38.80415,2.14503,2615.83008,,,,,,
178,COF-TpDb,13.00429,0.64686,0.73155,12.63935,0.88423,1703.72998,,,,,,
179,COF-TpTU,19.17629,0.73683,0.53952,19.01342,1.36571,2136.29004,,,,,,
180,COF-TpU,27.20541,0.788,0.4414,27.09753,1.78521,2185.05005,,,,,,
181,COF-TVBT-PA calculated based on staggered AA model,39.10948,0.83403,0.31194,38.96494,2.67369,2624.19995,,,,,,
182,COF-V,26.2053,0.76615,0.42892,25.97309,1.78624,2390.20996,,,,,,
183,COFs,38.18265,0.82078,0.33313,38.02857,2.46386,2431.3999,,,,,,
184,CoPc-PorDBA,25.51781,0.85162,0.30902,24.69222,2.7559,4127.97021,,,,,,
185,CorMeO-COF,21.48076,0.77195,0.45497,21.23209,1.69671,2268.12988,,,,,,
186,CPF-1,23.97178,0.85531,0.28866,23.07197,2.963,5086.93994,,,,,,
187,CPF-2,22.50397,0.8568,0.30371,21.57563,2.82112,5177.08984,,,,,,
188,CS-COF,11.55953,0.57033,0.84251,10.6711,0.67694,1070.43005,,,,,,
189,CTC-COF,18.83659,0.6517,0.71977,18.67204,0.90542,1512.76001,,,,,,
190,CTF-1,8.94082,0.5054,1.01943,8.40704,0.49577,1003.71002,,,,,,
191,CTF-2-AA,10.99477,0.55296,0.905,10.55911,0.61101,1251.15002,,,,,,
192,CTF-2-AB,4.80924,0.5524,0.905,3.31316,0.61039,0,,,,,,
193,CTF-FUM,6.73973,0.52031,1.03186,6.02454,0.50424,1045.28003,,,,,,
194,CTF-DCN,4.26332,0.34569,1.33308,3.26705,0.25932,0,,,,,,
195,"CuP-2,3-DHPh COF",18.84408,0.74752,0.53906,18.34116,1.38672,2087.65991,,,,,,
196,CuP-BPyPh COF,25.14663,0.80453,0.41052,24.94075,1.95976,2505.88989,,,,,,
197,CuP-COF,18.71199,0.6878,0.66752,18.34894,1.03037,1618.72998,,,,,,
198,CuP-DHNAPh COF,21.59197,0.76116,0.50297,21.37172,1.51334,2153.70996,,,,,,
199,CuP-Ph COF,19.48961,0.70716,0.60459,18.24946,1.16965,1826.06995,,,,,,
200,CuP-PyTTPh COF,14.10409,0.65623,0.70671,13.76476,0.92857,1645.66003,,,,,,
201,CuP-SQ COF,12.90502,0.75861,0.51846,11.30365,1.46319,3240,,,,,,
202,CuP-TFPh COF,16.97729,0.68901,0.69615,16.5619,0.98975,1689.73999,,,,,,
203,CuP-TFPh50,17.72714,0.68528,0.68225,17.52801,1.00445,1639.64001,,,,,,
204,DA-COF,19.38998,0.70693,0.65492,19.13906,1.07942,1646.42004,,,,,,
205,DAAQ-TFP COF,22.25586,0.7308,0.61093,21.99696,1.19622,1738.93994,,,,,,
206,DAQ-TFP COF,16.14031,0.65932,0.70566,15.82205,0.93432,1643.07996,,,,,,
207,DABQ-TFP-COF,15.16228,0.64361,0.78877,14.85301,0.81596,1491.92004,,,,,,
208,DaTP,21.8886,0.64564,1.11483,21.82039,0.57914,875.01703,,,,,,
209,DBA-3D-COF 1,30.82595,0.93253,0.13438,21.37782,6.93933,6945.16016,,,,,,
210,DBA-COF 1,29.3658,0.76261,0.47826,29.18206,1.59453,1965.17004,,,,,,
211,DBA-COF 2,34.38021,0.79858,0.39934,34.20807,1.99976,2126.71997,,,,,,
212,DCuPc-ANDI-COF,27.37267,0.75344,0.56242,27.15258,1.33964,1594.54004,,,,,,
213,DCuPc-APDI-COF,31.97782,0.76707,0.52036,31.79578,1.47412,1590.60999,,,,,,
214,DCuPc-APyrDI-COF,28.61876,0.76144,0.54697,28.4512,1.3921,1628.73999,,,,,,
215,"2,3-DhaTab",28.54899,0.7137,0.84696,28.39359,0.84266,997.479,,,,,,
216,"2,5-DhaTab",29.61307,0.78412,0.41859,29.45341,1.87326,2212.42993,,,,,,
217,DhaTab,30.47384,0.78613,0.47046,30.33059,1.67097,1944.23999,,,,,,
218,"2,3-DhaTph",17.74283,0.70636,0.64036,17.50946,1.10307,1771.46997,,,,,,
219,"2,5-DhaTph",18.46826,0.82309,0.35119,17.39891,2.3437,4381.72021,,,,,,
220,DhaTph,19.13609,0.71373,0.59228,19.00554,1.20505,1811.78003,,,,,,
221,"2,3-DhaTta",28.86274,0.71451,0.86795,28.79472,0.82321,936.651,,,,,,
222,DL©\COF©\1,16.11614,0.89917,0.1911,14.17588,4.70517,7239.43018,,,,,,
223,DL©\COF©\2,16.1092,0.89554,0.21188,14.1657,4.22659,6601.52979,,,,,,
224,"2,3-DmaTph",16.51747,0.67382,0.64779,16.38605,1.04018,1842.12,,,,,,
225,DmaTph,15.22205,0.72,0.54593,14.61452,1.31884,2336.6001,,,,,,
226,DMTA-TPB1/2',25.62212,0.74221,0.49313,25.51861,1.5051,1972.40002,,,,,,
227,DMTA-TPB1/3',24.50352,0.73422,0.51077,24.38007,1.43747,1920.18005,,,,,,
228,DMTA-TPB1/4',23.3108,0.73129,0.51698,23.23815,1.41455,1885.54004,,,,,,
229,DMTA-TPB1/5',24.14078,0.72704,0.51833,23.96858,1.40266,1841.44995,,,,,,
230,DMTA-TPB2,20.94701,0.68025,0.61524,20.81746,1.10566,1448.55005,,,,,,
231,DMTA-TPB3,19.35467,0.6743,0.63228,19.26829,1.06646,1469.69995,,,,,,
232,DMTA-TPB4,5.5683,0.46478,1.04968,4.91947,0.44278,631.85797,,,,,,
233,DNiPc-ANDI-COF,27.37267,0.75296,0.56068,27.15258,1.34293,1599.47998,,,,,,
234,DNiPc-APDI-COF,32,0.67,0.518975,32,1.29,1568.03,,,,,,
235,DNiPc-APyrDI-COF,28.61876,0.76098,0.54517,28.4512,1.39586,1634.13,,,,,,
236,DP-COF-ED with AA,39.9305,0.79808,0.37835,39.68396,2.10939,2637.72998,,,,,,
237,DPP-TAPP-COF ,18.5864,0.64221,0.70066,18.34669,0.91658,1362.32996,,,,,,
238,DPP-TFP-Eclipsed,17.54485,0.6812,0.71943,17.39813,0.94686,1510.25,,,,,,
239,DTP-ANDI-COF,43.89693,0.82443,0.376,43.78149,2.19266,1841.88,,,,,,
240,EB-COF:Br,10.55424,0.58091,0.93307,10.03478,0.62258,1336.09998,,,,,,
241,EB-COF:Cl,10.55424,0.58536,0.84985,10.03478,0.68878,1489.54004,,,,,,
242,EB-COF:F,10.55424,0.59539,0.81904,10.03478,0.72693,1594.46997,,,,,,
243,EDTFP-1,27.41477,0.80083,0.39033,27.14794,2.05166,2555.88989,,,,,,
244,AA-stacking mode of ETTF-DABP-COF,31.90137,0.76263,0.45887,31.82555,1.66197,2335.69995,,,,,,
245,refined unit cell parameters for ETTF-DABP-COF,33.03455,0.78805,0.40395,32.86681,1.95087,2720.17993,,,,,,
246,F-COF,17.22858,0.64756,0.89269,16.93789,0.7254,1127.60999,,,,,,
247,FL-COF-1,19.49908,0.71981,0.5476,19.33353,1.31449,2090.81006,,,,,,
248,FLT-COF 1 ¨C Eclipsed,24.82011,0.77125,0.45253,24.69607,1.70429,2025.39001,,,,,,
249,GS-COF-1,12.13815,0.5796,0.90507,11.7271,0.64039,1159.67004,,,,,,
250,GS-COF-1,4.11636,0.53665,0.99847,2.61426,0.53747,0,,,,,,
251,GS-COF-2,12.27828,0.58361,0.89307,11.85435,0.65349,1228.58997,,,,,,
252,GS-COF-2,4.49171,0.54728,0.97761,2.85185,0.55981,0,,,,,,
253,H2P-COF,20.2581,0.83159,0.32727,19.22142,2.541,4417.16016,,,,,,
254,HAT-COF,9.87639,0.62708,0.74705,9.11507,0.83941,1733.82996,,,,,,
255,HAT-NTBA-COF,7.88214,0.53058,0.93333,7.25619,0.56848,1194.67004,,,,,,
256,HAT-NTBCA-COF,11.3751,0.61999,0.74825,11.06228,0.82859,1692.01001,,,,,,
257,HBC-COF,11.02482,0.58655,0.81305,10.72674,0.72142,1514.69995,,,,,,
258,HCC-H2P-COF,15.66519,0.80334,0.38887,14.44897,2.06584,4133.66016,,,,,,
259,HHTP-DPB COF,41.18296,0.83019,0.33677,41.05191,2.46513,2277.42993,,,,,,
260,HO2C-H2P-COF,10.89243,0.79181,0.41566,9.37565,1.90496,4926.83984,,,,,,
261,HP-COF-1,14.78901,0.67089,0.6341,14.43667,1.05801,2002.96997,,,,,,
262,HP-COF-2,17.15189,0.7208,0.534,16.83791,1.34982,2429.28003,,,,,,
263,HPB-COF,7.11918,0.61417,0.73264,5.94566,0.83829,2071.25,,,,,,
264,ICOF-1,15.20734,0.70036,0.58391,15.00043,1.19944,2146.33008,,,,,,
265,ICOF-2,17.20431,0.71842,0.5423,16.60403,1.32477,2382.76001,,,,,,
266,IISERP-COF3,22.16294,0.90228,0.21624,19.77265,4.17267,7074.95996,,,,,,
267,IISERP-CON1,9.80273,0.61887,0.78953,9.18961,0.78385,1760.02002,,,,,,
268,ILCOF-1,21.19984,0.83165,0.32417,20.79435,2.56551,3865.05005,,,,,,
269,ILCOF-1,16.51787,0.66858,0.68709,16.15375,0.97307,1693.45996,,,,,,
270,IMDEA-COF-2,18.49638,0.68262,0.65755,18.14826,1.03812,1738.56006,,,,,,
271,Intercalated-COF 5 with AA stacking,8.03185,0.58642,0.77171,7.26129,0.7599,1407.06006,,,,,,
272,iPrTAPB-TFP,7.45349,0.48016,0.98035,6.48972,0.48978,712.04901,,,,,,
273,iPrTAPB-TFPB,15.8509,0.65846,0.61299,15.35492,1.07418,1737.81006,,,,,,
274,JNU-1,35.86719,0.80469,0.33813,35.71819,2.37985,2370,,,,,,
275,JUC-511 based on P4 space group,26.37386,0.75733,0.51054,26.13832,1.4834,1929.15002,,,,,,
276,JUC-512 based on P4 space group,26.24486,0.75617,0.51348,26.00171,1.47263,1955.83997,,,,,,
277,JUC-527,25.64462,0.78509,0.42343,25.41555,1.85412,2274.38989,,,,,,
278,JUC-528,33.01595,0.83225,0.33265,32.79335,2.50189,2573.55005,,,,,,
279,JUC-530 ,9.6007,0.45714,0.94826,9.54557,0.48208,829.42902,,,,,,
280,JUC-531,13.17228,0.51924,0.8693,13.11194,0.59731,1038.40002,,,,,,
281,JUC©\550 2©\fold interpenetrated,12.48237,0.8853,0.22099,10.59437,4.00601,8330.88965,,,,,,
282,JUC©\550 3©\fold interpenetrated,10.43754,0.8307,0.32704,9.58505,2.54009,8104.58984,,,,,,
283,JUC©\550  non©\interpenetrated,29.01327,0.94786,0.09608,24.61711,9.86568,8661.80957,,,,,,
284,JUC©\551 2©\fold interpenetrated,12.01945,0.87866,0.23185,10.07551,3.78981,8231.87988,,,,,,
285,JUC©\551 3©\fold interpenetrated,10.65169,0.82298,0.33637,9.7459,2.44667,8189.8501,,,,,,
286,JUC©\551  non©\interpenetrated,28.27167,0.94317,0.10252,24.10888,9.19997,8765.76953,,,,,,
287,JUC©\552 3©\fold interpenetrated,9.75189,0.80797,0.36371,8.66316,2.22148,7570.58984,,,,,,
288,JUC©\552  non©\interpenetrated,28.52567,0.94201,0.1089,23.74486,8.65003,8234.7998,,,,,,
289,JUC-560,26.95282,0.76682,0.46277,26.74378,1.65701,2042.22998,,,,,,
290,JUC-560,13.43696,0.73991,0.51597,13.27242,1.43401,3224.87012,,,,,,
291,JUC-561,23.32506,0.82912,0.37867,21.96829,2.18958,3348.3501,,,,,,
292,JUC-561,27.24002,0.93364,0.1294,21.6188,7.21505,7688.12988,,,,,,
293,JUC-564,47.73559,0.94423,0.10887,46.90899,8.67279,7433.39014,,,,,,
294,LZU111,8.65264,0.68835,0.61993,7.14942,1.11038,2895.08008,,,,,,
295,LZU-190,13.99378,0.64561,0.80036,13.62197,0.80665,1585.51001,,,,,,
296,LZU-191,28.05828,0.76518,0.50357,27.87325,1.51951,1860.05005,,,,,,
297,LZU-192,16.94837,0.67289,0.73792,16.60556,0.91187,1579.09998,,,,,,
298,LZU-301,4.66111,0.48646,0.99345,3.53037,0.48967,0,,,,,,
299,LZU-301-sol,8.32513,0.61247,0.7303,8.10818,0.83866,1686.30005,,,,,,
300,LZU-70,26.13967,0.77892,0.42842,25.93049,1.81813,2182.75,,,,,,
301,LZU-72,20.89927,0.7619,0.45965,20.59917,1.65756,2428.56006,,,,,,
302,LZU-76,22.30685,0.80365,0.38837,21.78847,2.06927,2786.88989,,,,,,
303,LZU79,13.6119,0.70778,0.5939,13.19498,1.19176,2485.48999,,,,,,
304,MC-COF-NiPc-E1E7,15.08139,0.66682,0.76007,14.72417,0.87731,1462.12,,,,,,
305,MC-COF-TP-E11E22,20.15142,0.71855,0.60623,20.05155,1.18528,1730.32996,,,,,,
306,MC-COF-TP-E11E71,25.19238,0.74542,0.53615,24.96336,1.39033,1824.45996,,,,,,
307,MC-COF-TP-E11E72,24.93763,0.74988,0.5156,24.69892,1.4544,1883.63,,,,,,
308,MC-COF-TP-E12E21,19.9592,0.71287,0.62507,19.84165,1.14046,1674.27002,,,,,,
309,MC-COF-TP-E12E71,21.95262,0.73991,0.54505,21.69712,1.3575,1768.96997,,,,,,
310,MC-COF-TP-E1E3E7,22.6997,0.74656,0.53875,22.47817,1.38572,1808.26001,,,,,,
311,MC-COF-TP-E22E31,25.10023,0.73194,0.58134,25.0438,1.25905,1660.41003,,,,,,
312,MC-COF-TP-E22E41,22.92293,0.72086,0.60698,22.67623,1.18762,1691,,,,,,
313,MF-1a ,23.75776,0.66567,0.6421,23.46285,1.0367,1515.57996,,,,,,
314,MF-2a,14.13053,0.58288,0.8043,13.70432,0.72471,1457.34998,,,,,,
315,MPCOF,6.8769,0.57629,0.93628,4.38831,0.61551,1445.37,,,,,,
316,N-COF,5.58046,0.62148,0.72962,3.67109,0.85179,0,,,,,,
317,N0¨CCOF,22.39215,0.72637,0.51883,22.224,1.40001,2042.81995,,,,,,
318,N1¨CCOF,21.48304,0.72099,0.53712,21.36833,1.34232,1979.19995,,,,,,
319,N2-COF,23.40945,0.74871,0.48638,23.17624,1.53936,2214.70996,,,,,,
320,N2¨CCOF,22.36485,0.73931,0.50343,22.22172,1.46856,2120.12988,,,,,,
321,N3-COF,11.19018,0.62206,0.76907,10.72475,0.80885,1657.84998,,,,,,
322,N3¨CCOF,21.50177,0.73586,0.53051,21.25089,1.38708,2008.43994,,,,,,
323,TpTG-I,3.02035,0.33575,1.98653,2.36463,0.16901,0,,,,,,
324,NiPc-COF?,17.10283,0.64433,0.81866,16.8072,0.78706,1328.17004,,,,,,
325,NN-TAPH-COF,9.32195,0.75135,0.48961,8.6641,1.53458,3931.17993,,,,,,
326,NPN-1,5.34025,0.51103,1.0494,4.11429,0.48697,958.10199,,,,,,
327,NPN-2,5.26587,0.54305,0.97832,4.18905,0.55508,1124.96997,,,,,,
328,NPN-3,6.14398,0.49674,1.05108,5.43904,0.4726,940.74701,,,,,,
329,NS-COF,6.68673,0.71314,0.58855,5.5655,1.21168,4240.5,,,,,,
330,NTU-BDA-THTA,16.15913,0.66965,0.6855,15.82205,0.97687,1673.93005,,,,,,
331,NTU-COF-1,18.68522,0.69747,0.58112,18.38514,1.20023,1915.88,,,,,,
332,NTU-COF-2,24.8265,0.77067,0.45428,24.58813,1.69647,2116.58008,,,,,,
333,NUS-10,13.36641,0.71219,0.71373,13.06993,0.99785,2048.83008,,,,,,
334,NUS-14,30.66931,0.79697,0.39872,30.47904,1.99882,2327.32007,,,,,,
335,NUS-15,31.45428,0.79326,0.38717,31.27516,2.04889,2336.56006,,,,,,
336,NUS-2,7.84595,0.53672,1.03012,7.29195,0.52103,1135.95996,,,,,,
337,NUS-3,18.27716,0.66572,0.68766,17.58343,0.9681,1773.67004,,,,,,
338,NUS-50,22.77277,0.75436,0.55019,22.5277,1.37108,1915.95996,,,,,,
339,NUS-51,22.68169,0.7546,0.55019,22.43977,1.37151,1881.15002,,,,,,
340,NUS-9,12.69956,0.74688,0.58433,12.42896,1.27819,2449.11011,,,,,,
341,HO-H2P-COF,18.54642,0.82525,0.3503,17.48603,2.35583,4399.62988,,,,,,
342,OH-TAPH-COF,18.54395,0.8274,0.33851,17.47742,2.44425,4369.33984,,,,,,
343,OH-TFP-TTA,18.45428,0.69899,0.63868,18.13247,1.09443,1721.52002,,,,,,
344,AA-stacking mode of OH-TPBP-COF,10.38774,0.64973,0.68855,9.98996,0.94362,1940.79004,,,,,,
345,AA-stacking mode of OMe-OH-TPBP-COF,8.96817,0.60444,0.77044,8.64917,0.78454,1737.18994,,,,,,
346,AA-stacking mode of OMe-TPBP-COF,9.86201,0.63382,0.7065,9.37472,0.89712,1816.55005,,,,,,
347,P-COF-1 model arranged in A-A stacking mode,28.96424,0.89247,0.23599,28.43647,3.78188,5069.41016,,,,,,
348,P-COF-1 model arranged in A-B stacking mode,14.34726,0.89029,0.23599,13.03327,3.77264,7485.87988,,,,,,
349,P-COF-1 model arranged in A-B-C stacking mode,31.81812,0.97976,0.03641,30.98799,26.9091,14885.2002,,,,,,
350,P-COF-2 model arranged in A-A stacking mode,34.43726,0.90719,0.16909,33.82956,5.36519,7853.47021,,,,,,
351,P-COF,12.27783,0.63545,0.69832,11.8173,0.90997,1800.68994,,,,,,
352,P-DpTaDm-COF (12),25.57281,0.73861,0.51625,25.18439,1.43073,2023.07996,,,,,,
353,P-StPtDm-COF (6),23.57254,0.669,0.64283,23.27554,1.04071,1502.47998,,,,,,
354,P-StPtTp-COF (8),23.45655,0.7009,0.57777,23.16359,1.21311,1734.84998,,,,,,
355,P-StTaDm-COF (2),23.64665,0.66246,0.64212,23.35047,1.03168,1512.73999,,,,,,
356,P-StTaTp-COF (4),23.62181,0.69404,0.58343,23.33054,1.18959,1681.93005,,,,,,
357,P-StTtDm-COF (10),23.46923,0.66008,0.65534,23.1796,1.00724,1471.43005,,,,,,
358,PC-COF,41.12154,0.8526,0.28367,41.06296,3.00562,3056.12988,,,,,,
359,Pc-PBBA-COF,16.84207,0.63897,0.79025,16.54655,0.80856,1391.05005,,,,,,
360,PCTF-1,13.74617,0.67757,0.6305,13.41753,1.07466,1872.09998,,,,,,
361,PCTF-2,21.50274,0.75175,0.47781,21.38827,1.57332,2279.72998,,,,,,
362,PCTF-3,27.83857,0.78612,0.40212,27.70128,1.95493,2364.04004,,,,,,
363,PCTF-4,17.88578,0.72331,0.58494,17.50373,1.23656,1941.65002,,,,,,
364,Ph-An-COF,22.30064,0.71373,0.61723,22.06437,1.15635,1700.55005,,,,,,
365,Ph-AnCD-COF,23.73233,0.85428,0.30996,21.04661,2.75611,5283.08008,,,,,,
366,PI-2-COF,23.40945,0.74871,0.48638,23.17624,1.53936,2195.92993,,,,,,
367,PI-3-COF,11.19018,0.62165,0.76907,10.72475,0.80831,1651.53003,,,,,,
368,PI-COF-1,17.68848,0.70397,0.6382,17.4324,1.10306,1446.43005,,,,,,
369,PI-COF-1,19.42127,0.75835,0.53663,18.96217,1.41318,2941.83008,,,,,,
370,PI-COF-2,20.85688,0.7371,0.55292,20.63214,1.33311,2091,,,,,,
371,PI-COF-2 ,23.52769,0.77318,0.48979,23.24997,1.57858,2544.03003,,,,,,
372,PI-COF-3,32.11311,0.80917,0.38521,31.96671,2.1006,3197.12988,,,,,,
373,PI-COF-4,17.50771,0.87765,0.27538,13.4128,3.18708,5107.4502,,,,,,
374,PI-COF-5,11.20454,0.76148,0.51136,8.17402,1.48911,4119.8999,,,,,,
375,PI-COF-SR,29.3046,0.75974,0.52301,29.13681,1.45264,1693.31006,,,,,,
376,PI-COF,21.6781,0.78306,0.45999,21.00102,1.70235,2653.1499,,,,,,
377,Por-COF,9.02068,0.71715,0.58078,7.64839,1.23481,3724.90991,,,,,,
378,POR-COF,13.32277,0.5881,0.91175,12.96649,0.64502,1218.46997,,,,,,
379,PP-TzDa in slipped AA,13.13528,0.6224,0.73334,12.62514,0.84872,1791.75,,,,,,
380,PP-TzDa in staggered AB,7.33745,0.63589,0.70211,6.32576,0.90568,2401.1499,,,,,,
381,PP-TzDa in perfect AA,16.92871,0.6617,0.65325,16.51179,1.01293,2255.54004,,,,,,
382,PPPP-1,27.08872,0.73506,0.54975,26.88207,1.33708,1641.29004,,,,,,
383,PPPP-2,26.00686,0.72041,0.57428,25.81935,1.25445,1565.29004,,,,,,
384,PPy-COF,13.7075,0.56729,0.86909,13.33488,0.65274,1332.06006,,,,,,
385,PPy-COF,26.12067,0.80742,0.38269,25.90948,2.10984,2783.37012,,,,,,
386,PV-COF,14.17973,0.66152,0.68729,13.98639,0.96251,1796.29004,,,,,,
387,Py-1P COF in quasi-AB stacking mode,9.57067,0.74281,0.49972,8.57867,1.48646,4931.25977,,,,,,
388,Py-1P COF,17.25067,0.70002,0.58923,17.10324,1.18803,1967.12,,,,,,
389,Py-1PF COF,16.40349,0.6872,0.6471,15.86913,1.06196,1832.97998,,,,,,
390,"Py-2,2'-BPyPh-COF",20.61346,0.77062,0.45333,20.19841,1.6999,2507.05005,,,,,,
391,"Py-2,3-BPyPh-COF",22.92078,0.76332,0.47139,22.66778,1.61931,2242.6499,,,,,,
392,"Py-2,3-DHPh-COF",17.2834,0.66677,0.67419,16.94757,0.98899,1699.20996,,,,,,
393,Py-2PE COF,24.09674,0.76723,0.44353,23.83385,1.72984,2371.16992,,,,,,
394,"Py-3,3-BPyPh COF",21.51866,0.72841,0.53503,21.39547,1.36144,1957.12,,,,,,
395,Py-3PE COF,27.16334,0.78732,0.40755,27.1104,1.93183,2454.73999,,,,,,
396,Py-3PEBTD COF,29.23223,0.79602,0.40521,29.12338,1.96447,2363.71997,,,,,,
397,Py©\4TTPD COF,24.28962,0.75569,0.50476,24.12196,1.49714,2176.04004,,,,,,
398,Py©\4TTT COF,23.46989,0.73382,0.5709,23.4223,1.28538,1913.72998,,,,,,
399,Py©\a4T COF,23.04581,0.72595,0.54432,22.83808,1.33369,2083.53003,,,,,,
400,Py©\a4TMe COF,25.7194,0.75616,0.51014,25.49763,1.48227,2030.47998,,,,,,
401,Py-An COF,20.6236,0.73714,0.5107,20.42364,1.4434,2146.65991,,,,,,
402,Py-Azine COF,14.86384,0.65537,0.67697,14.72101,0.9681,1826.75,,,,,,
403,Py-BSZ-COF,23.59523,0.73966,0.51476,23.31933,1.43691,2020.06006,,,,,,
404,Py-DBA-COF-1,33.55266,0.7857,0.44459,33.38062,1.76725,1903.75,,,,,,
405,Py-DBA-COF-2,38.29444,0.80779,0.39305,38.14163,2.05518,1972.93994,,,,,,
406,Py-DHPh COF,18.8489,0.74755,0.51245,18.34897,1.45878,2376.45996,,,,,,
407,Py-MV-DBA-COF,34.32443,0.7754,0.46991,34.17223,1.65011,1722.66003,,,,,,
408,Py©\pII COF,21.18073,0.74867,0.48038,20.88178,1.55851,2259.71997,,,,,,
409,Py©\pTII COF,19.12139,0.7327,0.53323,18.84527,1.37409,2232.67993,,,,,,
410,Py-TPE-COF,11.82847,0.62688,0.74595,11.40458,0.84038,1715.89001,,,,,,
411,Py©\tTII COF,19.70587,0.73657,0.54208,19.60462,1.35878,2130.20996,,,,,,
412,PyTA-BC-Ph COF,12.67816,0.65241,0.7189,12.21247,0.90751,1753.32996,,,,,,
413,PyTA-BC,10.62648,0.52451,0.94837,10.51966,0.55306,1147.26001,,,,,,
414,PyTTA-BFBIm-iCOF,14.92983,0.6876,0.87088,14.32288,0.78955,1495.81995,,,,,,
415,QH-COF-1,29.73513,0.79851,0.37626,29.43949,2.12224,2576.3501,,,,,,
416,RT-COF-1,11.81752,0.60062,0.77686,11.36249,0.77314,1587.04004,,,,,,
417,(S)-CuTAPBN-COF,12.1705,0.79073,0.42939,10.85082,1.84153,4947.6499,,,,,,
418,S-DpTaDm-COF (11),25.87294,0.75881,0.46021,25.57106,1.64883,2193.28003,,,,,,
419,S-TmPtDm-COF (5),25.82069,0.76123,0.46089,25.52152,1.65165,2238.55005,,,,,,
420,S-TmPtTp-COF (7),27.32921,0.79039,0.399,27.08188,1.98095,2456.6499,,,,,,
421,S-TmTaDm-COF (1),25.87294,0.75881,0.46021,25.57106,1.64883,2193.28003,,,,,,
422,S-TmTaTp-COF (3),28.08589,0.79148,0.39267,27.8263,2.01564,2475.63989,,,,,,
423,S-TmTtDm-COF (9),26.03906,0.76268,0.4662,25.74682,1.63596,2176.33008,,,,,,
424,SA-COF,11.99864,0.63608,0.71619,11.50736,0.88815,1713.39001,,,,,,
425,Salen-COF,25.71565,0.79845,0.35903,25.36985,2.22391,3347.95996,,,,,,
426,SB-PORPy,12.95632,0.62212,0.73655,12.51715,0.84465,1588.96997,,,,,,
427,SIOC-COF-1,28.5332,0.75774,0.45961,28.48568,1.64866,2389.6499,,,,,,
428,SIOC-COF-2,35.24752,0.79061,0.39377,35.14301,2.00781,2645.1499,,,,,,
429,SIOC-COF-3,7.27303,0.65096,0.66285,6.26088,0.98206,2316.05005,,,,,,
430,SIOC-COF-4,7.29696,0.70345,0.56396,6.59713,1.24735,3786.21997,,,,,,
431,SIOC-COF-5,6.8944,0.52848,0.90784,6.17786,0.58213,1142.02002,,,,,,
432,SIOC-COF-6,12.54201,0.64136,0.68468,11.92015,0.93673,1915,,,,,,
433,SIOC-COF-7,9.80036,0.57542,0.81947,9.49049,0.70218,1371.90002,,,,,,
434,SP-3D-COF 1,13.2448,0.79045,0.39702,13.04774,1.99093,4273.2998,,,,,,
435,SP-3D-COF 2,16.67735,0.76519,0.47254,16.63282,1.6193,2979.86011,,,,,,
436,SP-COF-ED with AA,18.48675,0.76477,0.4358,18.22884,1.75486,2782.98999,,,,,,
437,AA-stacking mode of sp2c-COF,17.24196,0.68326,0.60683,16.91517,1.12594,1963.31995,,,,,,
438,refined unit cell parameters for sp2c-COF,16.26744,0.65913,0.65222,16.14146,1.0106,1849.31006,,,,,,
439,refined unit cell parameters for sp2c-COF-4,30.62043,0.81819,0.35559,30.50054,2.30093,2643.08008,,,,,,
440,AA-stacking mode of sp2c-COF-4 ,30.65329,0.81846,0.35445,30.53322,2.30909,2650.09009,,,,,,
441,refined unit cell parameters for sp2c-COF-5,33.88417,0.75715,0.47065,33.79748,1.60873,2126.71997,,,,,,
442,AA-stacking mode of sp2c-COF-5,33.14215,0.75053,0.50059,33.05829,1.4993,2009.68005,,,,,,
443,sp2c-COF,16.54609,0.662,0.64776,16.34537,1.02198,1851.02002,,,,,,
444,Star-COF-1,30.61617,0.71251,0.58509,30.44155,1.21778,1370.85999,,,,,,
445,Star-COF-2,37.44422,0.7522,0.497,37.29637,1.51348,1495.81995,,,,,,
446,Star-COF-3,40.15486,0.77337,0.45092,40.0173,1.71511,1602.42004,,,,,,
447,T-COF-1 with AA stacking,21.11229,0.68795,0.61261,20.93119,1.12298,1948.55005,,,,,,
448,T-COF 1,8.18381,0.50914,1.05262,7.57497,0.48369,1044.51001,,,,,,
449,T-COF 2,14.91078,0.63036,0.76595,14.57249,0.82298,1506.82996,,,,,,
450,T-COF-2 with AA stacking,21.37339,0.71635,0.58945,21.06635,1.21528,1989.25,,,,,,
451,T-COF 3,12.71087,0.57985,0.91704,12.36421,0.63231,1272.20996,,,,,,
452,T-COF 4,24.84212,0.72837,0.62922,24.64043,1.15758,1538.44995,,,,,,
453,T-COF-OH,36.62567,0.81324,0.37796,36.44792,2.15165,2082.1499,,,,,,
454,T-COF 1,12.05791,0.62837,0.73557,11.62102,0.85427,1695.35999,,,,,,
455,TANG-COF AA-1 stacking,24.85702,0.86639,0.31075,24.29876,2.78807,4905.41992,,,,,,
456,TAPB-BMTTPA-COF,25.07846,0.7598,0.46788,24.81518,1.62391,2244.46997,,,,,,
457,TAPB-BPDA COF,38.19773,0.82307,0.33249,38.04305,2.47545,2399.87988,,,,,,
458,TAPB-OMeTA COF in quasi-AB stacking mode,13.57896,0.76002,0.46147,13.28883,1.64695,3916.44995,,,,,,
459,TAPB-PDA COF,30.9719,0.80164,0.37258,30.76962,2.15158,2415.06006,,,,,,
460,TAPB-TA COF in quasi-AB stacking mode,16.85758,0.79999,0.37771,16.50094,2.11798,6083.66992,,,,,,
461,TAPB-TFP,12.00768,0.61646,0.77025,11.58813,0.80034,1495.90002,,,,,,
462,TAPB-TFPA COF,17.83307,0.69869,0.57316,17.58148,1.21902,2045.18005,,,,,,
463,TAPB-TFPB,19.28654,0.70872,0.53808,18.99929,1.31714,1973.06995,,,,,,
464,TAPB-TIDA COF,27.7276,0.75964,0.47909,27.51509,1.5856,2205.48999,,,,,,
465,TAPBB-COF AB model,9.93956,0.7997,0.49286,8.24197,1.62258,4897.37012,,,,,,
466,TAPP¨CTFPP¨CCOF,13.2482,0.64714,0.76503,12.75158,0.8459,1497.17004,,,,,,
467,TAPT-BMTA-COF of the AA-stacking mode,23.77902,0.729,0.55442,23.542,1.3149,1892.87,,,,,,
468,TAPT-BTCA COF in quasi-AB stacking mode,5.57979,0.62632,0.73593,4.4389,0.85105,1898.06995,,,,,,
469,TAPT-DHTA-COF,29.76499,0.78345,0.43702,29.5867,1.7927,2066.01001,,,,,,
470,TAT-COF-1,28.40894,0.76277,0.45594,28.13916,1.67297,1988.83997,,,,,,
471,TAT-COF-2,15.43792,0.64708,0.68897,14.94592,0.9392,1651.31995,,,,,,
472,TB-COF,9.30995,0.52257,0.94463,8.77028,0.5532,1081.20996,,,,,,
473,Tb-DANT-COF,21.15732,0.6936,0.68105,20.88935,1.01843,1578.71997,,,,,,
474,TBI-COF,19.03732,0.71504,0.53819,18.74247,1.32861,2020.80005,,,,,,
475,TBPB COF,16.69169,0.64405,0.65929,16.38321,0.97688,1676.73999,,,,,,
476,TD-COF-5 ,28.36879,0.87336,0.2551,27.93603,3.42359,4464.77002,,,,,,
477,TD-COF,22.84761,0.74526,0.58779,22.59156,1.2679,1797.48999,,,,,,
478,[OH]0%-TD-COF,27.2649,0.77957,0.42524,27.09128,1.83324,2301.09009,,,,,,
479,TDFP-1,13.08543,0.73592,0.52663,12.65159,1.39742,2429.46997,,,,,,
480,TpMA,4.72831,0.44152,1.25273,4.47493,0.35245,548.55499,,,,,,
481,DFT-optimized unit cell of eclipsed stacked Tf-DHzDAll-COF,17.26716,0.67586,0.63912,16.9597,1.05749,2094.8501,,,,,,
482,DFT-optimized unit cell of antiparallel stacked Tf-DHzDAll-COF,19.01356,0.65563,0.68209,18.74906,0.9612,1250.66003,,,,,,
483,Tf-DHzDAll COF,16.34232,0.64396,0.73539,16.10076,0.87567,1978.14001,,,,,,
484,DFT-optimized unit cell of eclipsed stacked Tf-DHzDM-COF,20.83582,0.7336,0.54284,20.70572,1.3514,2145.6001,,,,,,
485,Tf-DHzDM COF,19.82916,0.70218,0.61809,19.56542,1.13604,1862.77002,,,,,,
486,Tf-DHzDPr COF,15.8315,0.63037,0.74076,15.56387,0.85098,1903.48999,,,,,,
487,Tf-DHzOAll with antiparallel,17.26725,0.67586,0.63912,16.95967,1.05749,2094.8501,,,,,,
488,Tf-DHzOAll with eclipsed,18.98333,0.65552,0.68285,18.7193,0.95998,1250.22998,,,,,,
489,TFB-COF,20.70945,0.75802,0.50043,20.37757,1.51474,2432.20996,,,,,,
490,TfBD,24.00488,0.76087,0.45856,23.7649,1.65926,2335.23999,,,,,,
491,TFP-NDA-COF,13.58611,0.58393,0.87136,13.21513,0.67014,1387.30005,,,,,,
492,TFPA-TAPA-COF,15.42068,0.68401,0.60493,14.93228,1.13072,2083.06006,,,,,,
493,TFPA-TAPB-COF,17.19289,0.70527,0.56008,16.79646,1.25922,2114.07007,,,,,,
494,TFPA-TGCl-iCOF c,8.37051,0.5404,0.9436,8.11322,0.5727,1281.01001,,,,,,
495,TFPB-DHzDAll COF,28.48026,0.7628,0.49793,28.33863,1.53195,2034.71997,,,,,,
496,TFPB-DHzDM COF,34.74847,0.79378,0.41099,34.66495,1.93138,2040.41003,,,,,,
497,TFPB-DHzDPr COF,28.36846,0.76298,0.48329,28.21856,1.57871,2078.56006,,,,,,
498,TFPB-DHzDS COF,22.78255,0.71241,0.56554,22.55143,1.2597,2096.11011,,,,,,
499,TFPB-TAPB-COF,19.60248,0.71565,0.53571,19.29739,1.3359,2113.45996,,,,,,
500,TFPB-TAPT COF,18.80244,0.70602,0.5653,18.29271,1.24892,1992.07996,,,,,,
501,TFPB-TGCl-iCOF b,10.81315,0.58206,0.84741,10.36487,0.68687,1412.91003,,,,,,
502,TFPB-THz COF,15.09602,0.67714,0.63973,14.74722,1.05847,1866.30005,,,,,,
503,TfpBDH,9.10983,0.69732,0.6308,8.8773,1.10546,2752.65991,,,,,,
504,TFPPy-DETHz-COF,17.16309,0.73315,0.53996,16.90565,1.3578,2328.71997,,,,,,
505,TFPT-BTAN,10.74049,0.58599,0.80736,10.31186,0.72581,1383.64001,,,,,,
506,TFPT-COF,28.5848,0.75785,0.49455,28.42066,1.53241,2015.31006,,,,,,
507,TFPT-TGCl-iCOF a,10.74822,0.58752,0.8605,10.29935,0.68277,1360.73999,,,,,,
508,TH-COF-1,12.07255,0.59834,0.92111,11.68196,0.64959,1561.03003,,,,,,
509,Thio-COF,22.19192,0.74832,0.48321,21.85306,1.54865,2624.06006,,,,,,
510,TJNU-201,16.69084,0.72162,0.52502,16.55631,1.37445,2356.3501,,,,,,
511,TJNU-202,20.07417,0.73589,0.53864,19.83084,1.3662,2064.55005,,,,,,
512,Tp-Azo,25.67443,0.75441,0.55569,25.47826,1.35761,1828.65002,,,,,,
513,TP-BDDA-COF,33.17197,0.82105,0.35287,32.98954,2.32679,2545.82007,,,,,,
514,TP-COF,28.71349,0.74683,0.52435,28.52823,1.42429,1758.30005,,,,,,
515,TP-COF-AA,29.71939,0.77171,0.44744,29.53836,1.72472,2011.66003,,,,,,
516,TP-COF-AB,11.52835,0.77138,0.44744,11.16409,1.72398,4582.31982,,,,,,
517,TP-COF-BZ,36.5559,0.76718,0.43899,36.35398,1.74759,1944.97998,,,,,,
518,TP-COF-DAB,28.02682,0.69526,0.58198,27.81985,1.19465,1583.65002,,,,,,
519,TP-COF,16.15913,0.66969,0.6855,15.82205,0.97693,1712.34998,,,,,,
520,Tp-DANT-COF,21.60545,0.68136,0.73422,21.35269,0.928,1381.81995,,,,,,
521,TP-EDDA COF,28.47879,0.78886,0.41945,28.2693,1.8807,2360.20996,,,,,,
522,Tp-PaSO3Li-COF,14.52869,0.72024,0.59565,13.70139,1.20917,2248.19995,,,,,,
523,Tp-Por COF-AA,41.24383,0.80898,0.38572,41.07724,2.09731,1907.06006,,,,,,
524,Tp-Por COF-AB,20.13649,0.77849,0.451,19.92352,1.72614,2879.78003,,,,,,
525,DTP-APyrDI-COF,44.62077,0.83009,0.36388,44.50286,2.28124,1887.98999,,,,,,
526,Tp-Stb,24.82692,0.75758,0.55665,24.60022,1.36096,1911.93994,,,,,,
527,Tp-Ttba,17.39366,0.67767,0.6561,17.09611,1.03288,1659.09998,,,,,,
528,TPA-COF-2,16.67361,0.70402,0.56008,16.26602,1.25699,2131.90991,,,,,,
529,TPA-COF-3,15.76388,0.68822,0.66458,15.36758,1.03557,1810.34998,,,,,,
530,TPA-COF,15.41147,0.66975,0.63207,14.96924,1.05962,1938.79004,,,,,,
531,TPA-TPA-COF (TPA-COF-1),15.19586,0.71468,0.5662,14.55347,1.26223,2288.90991,,,,,,
532,TPA-TPP-COF (TPA-COF-2),16.11386,0.68801,0.65229,15.85733,1.05476,1812.71997,,,,,,
533,TPAPC-COF,20.34648,0.8146,0.35752,19.25408,2.27848,4395.37012,,,,,,
534,TPB-BMTP-COF,15.46864,0.70043,0.57308,14.94037,1.22222,2814.65991,,,,,,
535,AA-stacking mode of TPB-DBBA-COF ,31.51253,0.79155,0.39188,31.3507,2.01988,2261.34009,,,,,,
536,AB-stacking mode of TPB-DBBA-COF,12.44176,0.77395,0.55617,11.97745,1.39157,4658.93994,,,,,,
537,AA-stacking mode of  TPB-DMeTP-COF,28.37474,0.77384,0.42403,28.1713,1.82498,2246.47998,,,,,,
538,TPB-DMTP-COF,26.55682,0.75736,0.46147,26.34024,1.64119,2243.38989,,,,,,
539,TPB-TP-COF-oxi,30.06839,0.80377,0.38736,29.81255,2.07497,2373.1001,,,,,,
540,TPB-TP-COF,29.80022,0.83203,0.33498,29.49294,2.48383,2957.13989,,,,,,
541,TPBD-ME2,25.53746,0.70203,0.53111,25.37122,1.32181,1749.21997,,,,,,
542,TpBD-NH2,22.18069,0.71753,0.59599,22.0542,1.20392,1704.53003,,,,,,
543,TpBD-NHCOCH3,18.05831,0.63922,0.7534,17.73555,0.84845,1334.54004,,,,,,
544,TpBD-NO2,21.41237,0.69367,0.70826,21.15099,0.9794,1516.95996,,,,,,
545,TpPa-(OH)2,20.97455,0.7138,0.5936,20.68944,1.20248,1843.23999,,,,,,
546,TpBD-(OMe)2,18.36341,0.67832,0.64491,18.03681,1.05181,1882.62,,,,,,
547,TpBD,22.85845,0.71193,0.59492,22.64663,1.19669,1715.53003,,,,,,
548,TpBDH,21.0995,0.68956,0.70838,20.88746,0.97344,1407.05005,,,,,,
549,cis TpBpy,20.89313,0.71912,0.64941,20.64125,1.10735,1643.22998,,,,,,
550,TpBpy,22.62252,0.73552,0.55572,22.37432,1.32354,1887.52002,,,,,,
551,TPE-COF-I,7.81506,0.59717,0.76441,7.16577,0.78121,1780.32996,,,,,,
552,TPE-COF-II,11.68718,0.65682,0.65073,10.86359,1.00936,2164.44995,,,,,,
553,TPE-COF-III,16.28451,0.68337,0.58933,15.87436,1.15957,2134.19995,,,,,,
554,TPE-COF-IV,15.91587,0.73139,0.50946,15.50749,1.43563,2692.23999,,,,,,
555,TPE-COF-OH,33.05042,0.95527,0.08314,32.91403,11.4904,5827.43994,,,,,,
556,TPE-COF-OMe,15.39922,0.89924,0.16132,15.16923,5.57435,12038.5996,,,,,,
557,TPE-Ph COF,23.82758,0.70641,0.59656,23.44404,1.18414,1889.14001,,,,,,
558,TPE-Ph COF,27.21944,0.79284,0.42372,26.57146,1.87114,2947.63989,,,,,,
559,TPE-TAP-COF,11.07816,0.60426,0.80163,10.44122,0.75379,1492.72998,,,,,,
560,TpFn,21.25758,0.69989,0.6544,21.04598,1.06951,1559.44995,,,,,,
561,TPHH-COF AB,8.52354,0.6713,0.68553,8.17764,0.97925,2379.22998,,,,,,
562,TpOMe-Azo,25.83251,0.64963,0.97187,25.64626,0.66843,887.258,,,,,,
563,TpOMe-BD(NO2)2 ,20.94719,0.57819,1.3328,20.91048,0.43382,697.63898,,,,,,
564,TpOMe-BPy,21.3994,0.59934,1.14782,21.36297,0.52216,814.45398,,,,,,
565,TpOMe-DAQ,20.86486,0.59373,1.29209,20.81371,0.45951,701.323,,,,,,
566,TpOMe-Pa1,13.21326,0.45318,1.46236,12.85958,0.3099,616.27301,,,,,,
567,CTF-0,2.61804,0.248,1.66978,1.303,0.14852,0,,,,,,
568,EB-COF:I,10.55423,0.57493,1.02107,10.03477,0.56307,1194.60999,,,,,,
569,TpPa-1-F2,15.57999,0.63882,0.82531,15.27966,0.77404,1359.12,,,,,,
570,TpPa-1,16.14031,0.65932,0.70566,15.82205,0.93432,1627.89001,,,,,,
571,TpPa-2,13.76832,0.61158,0.77958,13.37953,0.7845,1538.17004,,,,,,
572,TpPa-F4,14.90134,0.59572,1.01852,14.60213,0.58489,1077.26001,,,,,,
573,TpPa-NO2,11.44839,0.58285,0.96086,11.09828,0.60659,1281.10999,,,,,,
574,TpPa-(OH)2,12.70656,0.61905,0.82777,12.29359,0.74786,1487.72998,,,,,,
575,TpPa-(OMe)2,10.47163,0.56063,0.90484,9.83921,0.61959,1154.93994,,,,,,
576,TpPa-Py,14.95308,0.66154,0.71838,14.7679,0.92088,1680.5,,,,,,
577,TpPa-SO3H-Py,12.12025,0.6103,0.86459,11.81351,0.70588,1384.18005,,,,,,
578,TpPa-SO3H,11.55867,0.58537,0.9388,11.08735,0.62353,1259.14001,,,,,,
579,TPT-Azine-COF,22.41416,0.76802,0.4806,22.12966,1.59805,2458.56006,,,,,,
580,TPT-BD COF,34.76966,0.81162,0.38502,34.60352,2.10799,2391.57007,,,,,,
581,TPT-COF-1,19.70169,0.68237,0.65483,19.38528,1.04206,1504.72998,,,,,,
582,TPT-COF-2,28.92517,0.77389,0.45703,28.27452,1.69331,1870.31006,,,,,,
583,TPT-COF-4,17.20404,0.71205,0.57893,17.07883,1.22995,2117.95996,,,,,,
584,TPT-COF-5,18.37499,0.7086,0.58093,18.25002,1.21977,1985.66003,,,,,,
585,TPT-COF-6,18.51682,0.70959,0.58777,18.21743,1.20727,1895.14001,,,,,,
586,TPT-DAHQ COF,28.64639,0.77762,0.47122,28.44948,1.65024,1957.64001,,,,,,
587,TPT-DHBD COF,32.45911,0.79607,0.42396,32.28787,1.87771,2271.82007,,,,,,
588,TPT-DMBD-COF,36.80897,0.85104,0.30588,36.56538,2.7823,2763.38989,,,,,,
589,TPT-TAPB-COF,22.03485,0.78996,0.38393,21.62618,2.05756,3055.20996,,,,,,
590,TpTD,31.79278,0.79112,0.41393,31.61215,1.91124,2155.76001,,,,,,
591,TpTe-1 AB,10.31205,0.76468,0.45427,9.78342,1.68331,5095.2002,,,,,,
592,TpTe-1 AA,25.9916,0.76487,0.45122,25.77334,1.69511,2115.88989,,,,,,
593,TRIPTA,12.3729,0.62197,0.79265,11.93881,0.78467,1502.18994,,,,,,
594,TS-COF-1,29.79749,0.76171,0.51037,29.60757,1.49246,1719.84998,,,,,,
595,TS-COF-2,11.30825,0.6116,0.80209,10.84085,0.76251,1553.48999,,,,,,
596,TT-COF,26.31246,0.74494,0.57511,26.12562,1.2953,1610,,,,,,
597,TTF-COF,18.55944,0.79302,0.41347,18.12098,1.91798,3391.18994,,,,,,
598,TTF-DMTA-1 COF with the slipped eclipsed sql net,17.25338,0.70558,0.60353,16.81645,1.16908,2047.84998,,,,,,
599,TTF-DMTA COF with the staircase SP sql net,11.31706,0.62682,0.76071,11.03238,0.82399,1450.43005,,,,,,
600,TTF-Ph-COF,16.08668,0.68386,0.63818,15.51812,1.07158,1965,,,,,,
601,TTF-Py-COF,13.31199,0.61489,0.76719,13.08207,0.80149,1567.98999,,,,,,
602,TTF-TA COF with AA packing,17.09377,0.73911,0.53222,16.84206,1.38873,2353.6001,,,,,,
603,TTF-TA COF with AB packing,4.18324,0.46567,1.08674,3.14916,0.4285,0,,,,,,
604,TThPP,17.83709,0.8108,0.39048,16.65947,2.07642,3780.22998,,,,,,
605,TTI-COF,18.52289,0.71396,0.56741,18.22137,1.25829,1958.51001,,,,,,
606,TzBA,36.22341,0.83318,0.33931,36.02662,2.45554,2541.97998,,,,,,
607,TzDa,29.23421,0.7854,0.46773,29.06389,1.67917,1974.52002,,,,,,
608,"VO-TAPT-2,3-DHTA COF ",24.92209,0.70882,0.91958,24.79659,0.77081,1040.14001,,,,,,
609,ZnP-COF,19.04547,0.82341,0.36339,17.93106,2.26591,4000.11011,,,,,,
610,ZnPc-DPB,26.759,0.75702,0.54536,26.56374,1.38812,1798,,,,,,
611,ZnPc-NDI,27.16248,0.73395,0.61009,26.96935,1.20302,1428.10999,,,,,,
612,ZnPc-PPE,32.24041,0.79171,0.42973,32.07534,1.84233,2060.26001,,,,,,
613,ZnPc-Py,18.52886,0.6609,0.78016,18.25807,0.84713,1311.62,,,,,,
